,name,ingredients,url,image,cookTime,recipeYield,datePublished,prepTime,description,difficulty
0,Easy Green Chile Enchiladas,"1 whole onion, diced
2 tablespoons butter
1 can (15 ounce) green enchilada sauce
2 cans (4 ounce) chopped green chilies
12 whole corn tortillas
2 cups freshly grated cheddar (or cheddar-jack) cheese (or any cheese you'd like)
 sour cream
 salsa
 pico de gallo (optional)
 guacamole (optional)
 cilantro leaves, optional",http://thepioneerwoman.com/cooking/2012/05/easy-green-chile-enchiladas/,http://static.thepioneerwoman.com/cooking/files/2012/05/enchilada.jpg,PT10M,4,2012-05-31,PT5M,"When I was in Albuquerque with Marlboro Man and the boys a month ago, I had a really fun book signing. Such incredibly nice a...",Easy
1,Bacon-Wrapped Scallops with Chili Butter,"2 pounds large scallops
1/2 pound bacon, cut into thirds or halves
1 stick butter
2 teaspoons chili powder
 dash of cayenne",http://thepioneerwoman.com/cooking/2012/01/bacon-wrapped-scallops-with-chili-butter/,http://static.thepioneerwoman.com/cooking/files/2012/01/scallops.jpg,PT20M,8,2012-01-19,PT15M,"I made these beautiful, tasty little suckers before Christmas and am only just now recovering from the bliss so I can tell yo...",Medium
2,Spicy Stewed Beef with Creamy Cheddar Grits,"2 tablespoons canola oil
2 tablespoons butter
3 pounds stew meat or diced chuck roast
1 can (11 ounces) chipotle peppers in adobo sauce
4 cups low-sodium beef broth, more if needed
5 cloves minced garlic
1 tablespoon cumin
2 teaspoons chili powder
1 whole onion, diced
1 whole red bell pepper
3 whole chilies (any variety, hot or mild)
4 cups stone ground grits
6 cups low sodium chicken (or beef) broth
3 cups water
2 cups half-and-half
2 cups grated cheddar cheese",http://thepioneerwoman.com/cooking/2012/01/spicy-stewed-beef-with-creamy-cheddar-grits/,http://static.thepioneerwoman.com/cooking/files/2012/01/stewedbeef.jpg,PT3H,12,2012-01-30,PT20M,"My oh my, was this good. Ultra spicy, seriously tender stewed meat served over unbelievably creamy cheese grits. The spicines...",Hard
3,Vegetarian Lettuce Wraps,"2 teaspoons peanut or olive oil
1 package (about 12-14 oz. size) firm tofu
2 ears corn (or 1 1/2 cups frozen corn kernels)
1/4 teaspoon chili powder (more to taste)
1/4 cup soy sauce
 romaine lettuce hearts
2 whole avocados, sliced
1 teaspoon balsamic vinegar (optional)",http://thepioneerwoman.com/cooking/2012/02/vegetarian-lettuce-wraps/,http://static.thepioneerwoman.com/cooking/files/2012/02/wraps.jpg,PT15M,6,2012-02-22,PT5M,"Today is Ash Wednesday, the beginning of Lent, and I'd like to share this exceedingly meatless treat with you that I've been ...",Easy
4,Grillin’ Recipe Contest Winners!,"4 whole ribeye, hanger, flat iron, or strip steaks
1/2 teaspoon ground nutmeg
1/2 teaspoon ground cumin
1 teaspoon ground cinnamon
1 teaspoon ground ginger
2 tablespoons chili powder
1/2 teaspoon ground turmeric
2 tablespoons garlic salt
1 cup olive oil
2 cans bush's grillin beans steakhouse recipe",http://thepioneerwoman.com/cooking/2012/05/grillin-recipe-contest-winners/,http://static.thepioneerwoman.com/cooking/files/2012/05/bushs41.jpg,PT5M,4,2012-05-17,PT10M,"Before I share my fourth and final grilling recipe, I’m busting at the seams to announce the winners of the Bush’s Grilli...",Easy
5,Spicy Beans,"4 cups dry pinto beans
1 whole ham hock
1 whole onion, diced
2 whole red bell peppers, diced
4 cloves garlic, minced
2 whole jalapenos, sliced
2 teaspoons salt, more to taste
2 teaspoons chili powder (optional)
2 teaspoons black pepper, more to taste",http://thepioneerwoman.com/cooking/2011/08/spicy-beans/,http://static.thepioneerwoman.com/cooking/files/2011/08/6005198000_e154cac62e_o.jpg,PT4H,12,2011-08-04,PT5M,"My name is Pioneer Woman and I love beans.     Hi, Pioneer Woman.     Sorry. It's true, though. A big pot of brown beans simm...",Hard
6,Frito Chili Pie,"2 pounds ground chuck
3 cloves garlic, minced (optional)
1 can (12 to 14 ounce) tomato sauce
1 can (10 ounce) ro-tel (diced tomatoes and chilies)
1/2 teaspoon salt
1 teaspoon ground oregano
1 tablespoon ground cumin
2 tablespoons chili powder (more to taste)
1 can (14-ounce) kidney beans, drained and rinsed
1 can (14-ounce) pinto beans, drained and rinsed
1/4 cup masa (corn flour) or regular corn meal
1/2 cup warm water
 individual bags of fritos
 grated sharp cheddar cheese
 diced red onion (optional)",http://thepioneerwoman.com/cooking/2011/09/frito-chili-pie/,http://static.thepioneerwoman.com/cooking/files/2011/09/TPW_1850.jpg,PT1H,8,2011-09-26,PT5M,"We're submerged in football right now. There's no other way to put it. Marlboro Man is coaching my two boys' football team, M...",Hard
7,Caveman Pops (aka Roasted Turkey Legs),"10 whole turkey legs
 brine:
4 quarts water
1 cup kosher salt
1 cup sugar
1 cup brown sugar
2 tablespoons seasoning blend (i used montreal)
1 whole bay leaf
 dry rub
2 tablespoons chili powder (less if you don't like things too spicy!)
2 teaspoons seasoning blend (i used montreal)
2 teaspoons paprika
2 teaspoons onion salt",http://thepioneerwoman.com/cooking/2011/10/caveman-pops-aka-roasted-turkey-legs/,http://static.thepioneerwoman.com/cooking/files/2011/10/caveman.jpg,PT30M,10,2011-10-17,PT6H,"While a few state fairs are happening right now, the one in my state (as is the case with many others) has drawn to a close. ...",Hard
8,Beef Noodle Salad Bowls,"1 whole sirloin steak, 3/4 to 1 pound
 kosher salt to taste
3/4 cups ponzo or regular soy sauce
3 tablespoons pure sesame oil
2 tablespoons olive oil
2 tablespoons rice wine vinegar
1 teaspoon hot chili oil (less if you can't handle heat!)
2 cloves garlic, peeled and minced finely
2 teaspoons minced fresh ginger
2 tablespoons packed brown sugar
1/2 cup sliced green onion
8 ounces, weight thin noodles (i used thin spaghetti)
 cilantro leaves",http://thepioneerwoman.com/cooking/2011/05/beef-noodle-salad-bowls/,http://static.thepioneerwoman.com/cooking/files/2011/05/5712043212_092a8fe85d_o.jpg,PT10M,4,2011-05-12,PT10M,At the salad supper I attended a couple of weeks ago--the one that gave birth to this chicken salad I made recently--four sal...,Easy
9,Beef and Bean Burritos,"2 pounds ground beef
1/2 whole medium onion
1 can (7 ounce) mexican tomato sauce or enchilada sauce
 salt and pepper, to taste
 cumin, oregano, chili powder, garlic to taste
1 can (28 ounce) refried beans
3/4 cups grated cheddar cheese
12 whole burrito-sized flour tortillas
 extra grated cheese, for sprinkling
 extra sauce, for drizzling
 cilantro leaves, optional
 optional filling ingredients: mexican rice, sour cream, guacamole, green chilies, pico de gallo",http://thepioneerwoman.com/cooking/2010/07/brown-hot-and-plenty-of-it-vol-i/,http://static.thepioneerwoman.com/cooking/files/2010/07/4784959605_c5713e9e4b_b.jpg,PT11M,6,2010-07-12,PT5M,"First, an important clarification: The Pioneer Woman Cooks is not meant to be an encyclopedia of innovative gourmet recipes. ...",Easy
10,Chicken Tortilla Soup,"2 whole boneless, skinless chicken breasts
1 tablespoon olive oil
1-1/2 teaspoon cumin
1 teaspoon chili powder
1/2 teaspoon garlic powder
1/2 teaspoon salt
1 tablespoon olive oil
1 cup diced onion
1/4 cup diced green bell pepper
1/4 cup red bell pepper
3 cloves garlic, minced
1 can (10 oz. can) rotel tomatoes and green chilies
32 ounces, fluid low sodium chicken stock
3 tablespoons tomato paste
4 cups hot water
2 cans (15 oz. can) black beans, drained
3 tablespoons cornmeal or masa
5 whole corn tortillas, cut into uniform strips around 2 to 3 inches
 _____
 for the garnishes:
 sour cream
 diced avocado
 diced red onion
 salsa or pico de gallo
 grated monterey jack cheese
 cilantro",http://thepioneerwoman.com/cooking/2011/01/chicken-tortilla-soup/,http://static.thepioneerwoman.com/cooking/files/2011/01/5337400468_d5892f3a03_o.jpg,PT1H30M,8,2011-01-10,PT10M,"I love, love, love, love Chicken Tortilla Soup. So over the weekend, I made some.     The end.     Wasn't that a beautiful st...",Hard
11,My Brother’s Chicken Tacos,"16 whole corn tortillas (small size)
4 whole boneless, skinless chicken breasts, cut into pieces
 salt, cumin, chili powder to taste (or use taco seasoning)
2 tablespoons canola oil
2 cans (4 ounce) diced green chilies
1-1/2 cup finely grated cheese (cheddar or cheddar/jack mix)
 sour cream
 hot sauce (chulula or other brand)
2 cups thinly sliced romaine lettuce (or any lettuce)
4 whole roma tomatoes, diced
 canola oil, for frying tacos",http://thepioneerwoman.com/cooking/2011/03/my-brothers-chicken-tacos/,http://static.thepioneerwoman.com/cooking/files/2011/03/tacos.jpg,PT30M,8,2011-03-31,PT10M,"Before I share this recipe with you, let me warn you: it's a royal mess. But as is the case with many messy dishes (cinnamon ...",Medium
12,Simple Sesame Noodles,"12 ounces, fluid thin noodles, cooked and drained
1/4 cup soy sauce
2 tablespoons sugar
4 cloves garlic, minced
2 tablespoons rice vinegar
3 tablespoons pure sesame oil
1/2 teaspoon hot chili oil
4 tablespoons canola oil
4 whole green onions, sliced thin",http://thepioneerwoman.com/cooking/2010/08/simple-sesame-noodles/,http://static.thepioneerwoman.com/cooking/files/2010/08/3949394720_c854047191_o1.jpg,PT10M,8,2010-08-13,PT10M,  I'll be spending the weekend cooking some new recipes and making such a mess of my kitchen I'll want to cry and burn down t...,Easy
13,Corn Chowder with Chilies,"2 slices bacon, cut into 1/2-inch pieces (or smaller)
2 tablespoons butter
1-1/2 whole yellow onion, diced
5 ears corn, shucked (about 4 cups)
2 whole chipotle peppers in adobo sauce, finely diced
1 whole 4-ounce can diced green chilies
32 ounces, fluid low sodium chicken broth
1-1/2 cup heavy whipping cream
1/2 teaspoon kosher salt (more to taste)
3 tablespoons corn meal or masa
1/4 cup water",http://thepioneerwoman.com/cooking/2010/10/corn-chowder-with-chilies/,http://static.thepioneerwoman.com/cooking/files/2010/10/chowder.jpg,PT20M,8,2010-10-08,PT10M,"This is to die for.     It's just a regular corn chowder made with fresh corn shaved off the cob, which is yummy enough as it...",Medium
14,Creamy Cheese Grits with Chilies,"4-1/2 cups water
1/2 teaspoon salt
1 cup grits (quick or regular)
1/2 can (10 ounce can) rotel (tomatoes and chilies)
1 can (4 ounce can) chopped green chilies
8 ounces, weight monterey jack cheese, grated
4 ounces, weight cream cheese, cut into cubes
1/4 teaspoon cayenne pepper
1/4 teaspoon paprika
 black pepper to taste
1 whole egg beaten",http://thepioneerwoman.com/cooking/2010/10/creamy-cheese-grits-with-chilies/,http://static.thepioneerwoman.com/cooking/files/2010/10/5079611293_ff628b6e0c_z.jpg,PT45M,8,2010-10-14,PT5M,"I have a good, basic recipe for cheese grits in my cookbook, but last night I was feeling feisty.     I was cooking steaks. B...",Medium
15,Big Steak Salad,"2 whole rib-eye or strip steaks, extra fat trimmed
 _____
 for the dressing/marinade:
3/4 cups canola oil
3 tablespoons red wine vinegar
1 tablespoon balsamic vinegar
1 tablespoon worcestershire sauce
2 tablespoons soy sauce
1 teaspoon (additional) soy sauce
2 tablespoons lime juice
2 tablespoons sugar
3 cloves garlic, peeled
1 tablespoon minced fresh ginger
1/2 teaspoon hot chili oil
1 teaspoon kosher salt
 lots of freshly ground black pepper
 _____
 for the onion strings:
2 whole onions, sliced as thin as possible
2 cups buttermilk
2 cups flour
1 tablespoon salt
1/2 teaspoon cayenne pepper
1 quart canola oil
 black pepper to taste
 _____
 for the candied pecan bits:
1/2 cup pecans, chopped
1 cup sugar
2 tablespoons water
 _____
 for the salad:
 lettuce mix: romaine, arugula, watercress, raddiccio, etc.
 small grape tomatoes
3/4 cups crumbled blue cheese",http://thepioneerwoman.com/cooking/2010/10/big-steak-salad/,http://static.thepioneerwoman.com/cooking/files/2010/10/5095710774_9a8833d919_z.jpg,PT20M,4,2010-10-20,PT1M,There are few things I love more than a big green salad with sliced grilled steak on top. Whenever Marlboro Man and I land at...,Easy
16,Butternut Squash &amp; Kale Quesadillas,"1/2 whole butternut squash, peeled, seeded, and diced.
2 tablespoons butter
1 tablespoon olive oil
1/2 teaspoon kosher salt
 black pepper to taste
1/4 teaspoon chili powder (more to taste)
1 bunch kale, leaves torn, stalks discarded
8 whole small (fajita sized) flour tortillas
 extra butter for frying
2-1/2 cups monterey jack cheese, grated (more if needed)
 sour cream for serving
 cilantro, for serving
 pico de gallo, salsa, avocado slices (optional) for serving",http://thepioneerwoman.com/cooking/2013/01/butternut-squash-kale-quesadillas/,http://static.thepioneerwoman.com/cooking/files/2013/01/squashkale.jpg,PT20M,4,2013-01-07,PT15M,I am a passionate lover of butternut squash. I've written before about how a spoonful of butternut squash puree (spiked with ...,Medium
17,Restaurant Style Salsa,"1 can (28 ounce) whole tomatoes with juice
2 cans (10 ounce) rotel (diced tomatoes and green chilies)
1/4 cup chopped onion
1 clove garlic, minced
1 whole jalapeno, quartered and sliced thin
1/4 teaspoon sugar
1/4 teaspoon salt
1/4 teaspoon ground cumin
1/2 cup cilantro (more to taste!)
1/2 whole lime juice",http://thepioneerwoman.com/cooking/2010/01/restaurant-style-salsa/,http://static.thepioneerwoman.com/cooking/files/2010/07/4307514771_c089bbd7101.jpg,PT,12,2010-01-27,PT10M,"Okay. Here's the situation:     I am completely high maintenance when it comes to salsa.     Now, I'm not talking about Pico ...",Easy
18,Passover Brisket,"1 whole beef brisket, trimmed of all fat (5 to 8 pounds)
1 bottle (24 ounce) ketchup or chili sauce (make sure it's kosher)
1 package onion soup mix (make sure it's kosher)",http://thepioneerwoman.com/cooking/2010/03/passover-brisket-i-think/,http://static.thepioneerwoman.com/cooking/files/2010/07/4475462524_0903f9b850.jpg,PT7H,8,2010-03-30,PT10M,"Okay. I think we've more than established that when it comes to correct methods for cooking and serving Passover food, I am n...",Hard
19,Sloppy Joes,"2 tablespoons butter
2-1/2 pounds ground beef
1/2 whole large onion, diced
1 whole large green bell pepper, diced
5 cloves garlic, minced
1-1/2 cup ketchup
1 cup water
2 tablespoons brown sugar
2 teaspoons chili powder (more to taste)
1 teaspoon dry mustard
1/2 teaspoon red pepper flakes (more to taste)
 worcestershire sauce, to taste
2 tablespoons tomato paste (optional)
 tabasco sauce (optional; to taste)
 salt to taste
 freshly ground black pepper, to taste
 kaiser rolls
 butter",http://thepioneerwoman.com/cooking/2010/04/sloppy-joes/,http://static.thepioneerwoman.com/cooking/files/2010/07/4512963320_bba26f6a97_o.jpg,PT20M,8,2010-04-12,PT10M,"I used to be terrified of sloppy joes. It's true. When I was a little girl, I got it in my head that sloppy joes were demons,...",Medium
20,Butternut Squash Risotto,"1/2 whole butternut squash, peeled, seeded, and diced.
3 tablespoons butter
1 tablespoon olive oil
1/2 teaspoon kosher salt
 black pepper to taste
1/4 teaspoon chili powder
1/2 whole diced onion
1-1/2 cup arborio rice
6 cups (approximately) vegetable or chicken broth (low sodium)
 salt and pepper, to taste
1/8 teaspoon turmeric
1/4 cup heavy cream (less if desired)
1/2 cup parmesan shavings (more for serving)
 finely minced parsley, for serving",http://thepioneerwoman.com/cooking/2013/01/butternut-squash-risotto/,http://static.thepioneerwoman.com/cooking/files/2013/01/risotto.jpg,PT1H,8,2013-01-21,PT10M,"A couple of weeks ago, I cooked Butternut Squash &amp; Kale Quesadillas. The same day, because I had hacked into a whole butternu...",Hard
21,"Chicken Tikka Masala, by Pastor Ryan","3 whole (to 4) chicken breasts
 kosher salt
 ground coriander
 cumin, to taste
1/2 cup plain yogurt
6 tablespoons butter
1 whole large onion
4 cloves garlic
1 piece (approximately 2 inches) chunk fresh ginger
 garam masala
1 can (28 ounce) diced tomatoes
 sugar
1-1/2 cup heavy cream
2 cups basmati rice
 _____
 optional:
 fresh cilantro
 chili peppers
 turmeric
 frozen peas",http://thepioneerwoman.com/cooking/2009/06/chicken-tikka-masala-by-pastor-ryan/,http://static.thepioneerwoman.com/cooking/files/2009/06/chicken-tikka-masala.jpg,PT1H,6,2009-06-04,PT30M,"Whether you love Chicken Tikka Masala or you've never tried it in your life, you're in for a treat. Ryan comes through once a...",Hard
22,Fresh Corn and Avocado Salsa,"4 ears sweet corn
2 whole very firm avocados, diced
 1/2 red onion, diced
 1/2 jalapeno, seeded and finely diced
 1/2 hot chili pepper, seeded and finely diced
1 whole juice of lime
 plenty of chopped cilantro
 salt to taste
1 tablespoon vinegar
1 teaspoon sugar (optional)",http://thepioneerwoman.com/cooking/2009/08/fresh-corn-avocado-salsa/,http://static.thepioneerwoman.com/cooking/files/2009/08/ree_66701.jpg,PT,10,2009-08-13,PT25M,"I dropped by the Lodge yesterday afternoon and discovered, to both my horror and excitement, that our friend Dave from Indian...",Easy
23,White Chicken Enchiladas,"2-1/2 cups cooked, shredded chicken
2 cups reserved broth from chicken
3 tablespoons canola oil
12 whole corn tortillas
1 whole large onion, diced
3 whole 4 oz cans whole green chilies, diced
1 whole jalapeno, seeded and finely diced
1 teaspoon paprika
1/2 cup heavy cream
2 tablespoons butter
2 tablespoons flour
1 cup sour cream
2-1/2 cups monterey jack cheese, grated
 salt and pepper, to taste
 picante sauce (optional)
 cilantro, chopped",http://thepioneerwoman.com/cooking/2009/11/white-chicken-enchiladas/,http://static.thepioneerwoman.com/cooking/files/2010/07/4060528829_67db52b435.jpg,PT30M,6,2009-11-09,PT45M,"I'm happy to share my method for making creamy, dreamy, delicious, nutritious, yummy, nummy white chicken enchiladas.    They...",Hard
24,Good Ol’ Basic Mexican Rice,"2 tablespoons canola oil
1/2 whole large onion, chopped
2 cups long grain rice
3 cloves garlic, minced
1 can rotel diced green chilies and tomatoes (10 ounce can)
1 can whole tomatoes (14.5 ounce can)
2 cups low sodium chicken broth (more if needed)
1 teaspoon cumin (more to taste)
1 teaspoon kosher salt
 fresh cilantro, chopped",http://thepioneerwoman.com/cooking/2009/11/good-ol-basic-mexican-rice/,http://static.thepioneerwoman.com/cooking/files/2010/07/4021656171_abe77dc608.jpg,PT15M,6,2009-11-11,PT10M,I serve this rice with my White Chicken Enchiladas and they really are the perfect complement. It's a very basic Mexican rice...,Easy
25,Lazy Chiles Rellenos,"8 whole roasted, peeled, and seeded green chiles
1-1/2 cup monterey jack cheese, grated
5 whole large eggs
2 cups whole milk
 salt and black pepper to taste
1/2 teaspoon paprika
1/4 teaspoon cayenne pepper",http://thepioneerwoman.com/cooking/2009/11/lazy-chiles-rellenos/,http://static.thepioneerwoman.com/cooking/files/2010/07/4098250665_65310ab692.jpg,PT45M,9,2009-11-12,PT5M,This dish ain't fancy.     This dish ain't difficult to make. (Huh. Understatement of the modern era.)    This dish...ain't n...,Medium
26,White Chili,"1 whole fryer chicken, cut up (or 3 cups cooked chicken)
1 whole medium onion, diced
4 cloves garlic, minced
2 whole cans green chilies, chopped
1 pound dried great northern beans, rinsed
8 cups chicken broth
1 whole jalapeno, sliced
1-1/2 tablespoon ground cumin
1/2 teaspoon paprika
1/2 teaspoon cayenne pepper
 salt to taste
 white pepper, to taste
1 cup whole milk
2 tablespoons masa (corn flour) or cornmeal
 grated monterey jack, to taste
 sour cream for garnish
 cilantro for garnish
 guacamole (optional)
 pico de gallo (optional)
 corn tortillas, warmed",http://thepioneerwoman.com/cooking/2010/01/simple-hearty-white-chili/,http://static.thepioneerwoman.com/cooking/files/2010/07/4243109382_1a797f44d2.jpg,PT2H,8,2010-01-04,PT25M,"I love white chili. And just like regular chili, there are as many incarnations as there are grains of sand in all the beache...",Hard
27,Enchiladas," for the sauce:
1 tablespoon canola oil
1 tablespoon all-purpose flour
1 can (28 ounce) enchilada or red sauce
2 cups chicken broth
1/2 teaspoon salt
1/2 teaspoon ground black pepper
2 tablespoons chopped cilantro
 _____
 for the meat:
1-1/2 pound ground beef
1 whole medium onion, finely diced
2 cans (4 ounce) diced green chilies
1/2 teaspoon salt
 _____
 for the tortillas:
10 whole (to 14) corn tortillas
1/2 cup canola oil
 _____
 to assemble:
3 cups grated sharp cheddar cheese
1/2 cup chopped black olives
1 cup chopped green onions
1/2 cup chopped cilantro",http://thepioneerwoman.com/cooking/2008/09/simple-perfect-enchiladas/,http://static.thepioneerwoman.com/cooking/files/2008/09/Enchiladas.jpg,PT20M,6,2008-09-15,PT1H30M,"Okay, people. Let's get down to business here. Let's make enchiladas!     Did you know that in addition to having an imaginar...",Hard
28,Mexican Layer Dip,"1 can refried beans
 tabasco sauce, to taste
1 can diced green chilies
 ground cumin, to taste
3/4 cups grated sharp cheddar cheese
1 cup sour cream
1 cup guacamole
3/4 cups monterey jack cheese
1 can black olives
1 cup pico de gallo",http://thepioneerwoman.com/cooking/2009/01/mexican-layer-dip/,http://static.thepioneerwoman.com/cooking/files/2010/07/3240212440_rec_chil959a301.jpg,PT,8,2009-01-30,PT15M,"    It's the exact same Mexican Layer Dip I grew up eating in the eighties, with the exception of these modifications:    1. ...",Easy
29,Leftover Brisket Tostadas," beef brisket leftovers
1 package small corn tortillas
1 can (about 16 oz.) refried beans
1 can (about 8 oz.) hot tomato sauce or chili sauce (optional)
 pico de gallo
 shredded cheese
 lettuce
 sour cream
1 whole avocado
 vegetable oil",http://thepioneerwoman.com/cooking/2008/01/leftover_brisket_make_tostadas/,http://static.thepioneerwoman.com/cooking/files/2010/07/2189916287_31398ea690.jpg,PT5M,6,2008-01-15,PT15M,"    There are few things more exciting, culinarily speaking, than slaving away over a dish for hours, then finding a way to u...",Easy
30,Cooking With Pastor Ryan: Delicious Mexican Lasagna,"4 cups unprepared rice
6 cups (to 8 cups) low sodium chicken broth/stock
4 whole (to 8) tomatoes (up to you)
2 whole (to 3) onions (up to you)
8 cloves (to 14 cloves) of garlic (up to you)
 butter
 taco seasoning (or chili powder, paprika, and cumin) to taste
1 can (to 2 cans) black or pinto beans (up to you)
3 pounds lean ground beef
2 jars (16 ounce) salsa verde
 flour tortillas
3 packages (16 ounces) mexican cheese blend
1 jar (16 ounce) enchilada sauce
3 cans corn, drained
 sour cream, to taste
 cilantro, to taste",http://thepioneerwoman.com/cooking/2008/08/cooking-with-pastor-ryan-delicious-mexican-lasagna/,http://static.thepioneerwoman.com/cooking/files/2008/08/Delicious-Mexican-Lasagna.jpg,PT35M,8,2008-08-14,PT45M,"Hello PW peeps. It's Ryan, and I'm so excited to share this recipe with you because this has truly been the go-to meal of the...",Hard
31,Spicy Shredded Pork,"4 pounds (up to 7 pounds) pork shoulder
1 teaspoon dried oregano
1 teaspoon ground cumin
1 teaspoon chili powder
1 tablespoon (to 2 tablespoons) salt
 pepper to taste
3 cloves (to 4 cloves) garlic
1 tablespoon (to 2 tablespoons) olive oil
2 tablespoons (to 3 tablespoons) white wine vinegar
1/4 cup brown sugar
1 whole onion
 lime wedges",http://thepioneerwoman.com/cooking/2008/08/spicy-shredded-pork/,http://static.thepioneerwoman.com/cooking/files/2008/08/Spicy-Shredded-Pork.jpg,PT4H,8,2008-08-06,PT20M,"   Oh my goodness, am I ever in love with pork shoulder. Wait a minute...did I just say that? That I'm in love with pork...",Hard
32,Salad Tacos,"16 whole taco shells
2 pounds ground beef
3 tablespoons taco seasoning
1 can (4 ounce) tomato paste
 salt to taste
1 can (14.5 ounce) beans (kidney, pinto, chili), undrained
1/2 cup hot water
1 head green leaf lettuce, sliced very thin
1 cup grape tomatoes, halved (or diced regular tomatoes)
1 cup grated cheese (cheddar, jack, or cheddar/jack)
 for the dressing:
1/4 cup mayonnaise
1/4 cup sour cream
1/4 cup salsa
1 tablespoon ranch dressing mix (optional)
 extra hot sauce (optional)
 crushed tortilla chips (optional)",http://thepioneerwoman.com/cooking/2013/01/salad-tacos/,http://static.thepioneerwoman.com/cooking/files/2013/01/tacos.jpg,PT15M,8,2013-01-31,PT10M,"I made these tacos before my family and I left for our trip to Colorado, and we devoured every bite. They're pretty much the ...",Easy
33,Thai Chicken Wraps,"2 whole boneless, skinless chicken breasts (breast halves)
 option 1 marinade/sauce
1 tablespoon rice wine vinegar
1/4 cup soy sauce
1 teaspoon pure sesame oil
1 teaspoon hot chili oil
 juice of 2 limes
1 tablespoon minced fresh ginger
2 tablespoons brown sugar (optional)
1 teaspoon cornstarch
2 tablespoons honey (or brown sugar)
 peanut or canola oil for frying
 peanut sauce
1/2 cup peanut butter (crunch/chunky is good!)
3 tablespoons soy sauce
3 tablespoons honey
1/2 teaspoon hot chili oil
1 teaspoon crushed red pepper
 juice of 2 limes
 water, as needed for thinning
 wraps
2 whole whole-wheat tortillas
 green leaf or other lettuce, leaves left whole or shredded
1 whole large carrot, cut into thin strips or julienne
1/2 whole cucumber, seeds scraped out, cut into strips
 cilantro leaves
 shelled peanuts
 optional additions:
 bean sprouts
 alfalfa sprouts
 baby spinach leaves
 thinly sliced red onion
 sliced green onion
 blanched asparagus
 salt and pepper, to taste
 sriracha",http://thepioneerwoman.com/cooking/2013/02/thai-chicken-wraps/,http://static.thepioneerwoman.com/cooking/files/2013/02/wraps.jpg,PT10M,2,2013-02-12,PT20M,"I made these yummy, crunchy, flavorful wraps after church last Sunday for the following reasons:    1. I was alone in the hou...",Medium
34,Beef Fajitas,"1 whole beef flank steak
1/2 cup olive oil
3 tablespoons worcestershire sauce
1/3 cup lime juice, fresh squeezed
3 cloves garlic, minced
1 tablespoon cumin
1 tablespoon chili powder
1/2 teaspoon red pepper flakes
1 teaspoon salt
1/2 teaspoon black pepper
1 tablespoon sugar
2 whole medium onions, halved and sliced
1 whole red bell pepper, sliced
1 whole orange bell pepper, sliced
1 whole green bell pepper, sliced
1 whole yellow bell pepper, sliced
 oil, for frying
 flour tortillas, warmed
 cheese (grated cheddar/jack or crumbled queso fresco)
 salsa
 sour cream
 cilantro leaves",http://thepioneerwoman.com/cooking/2013/03/beef-fajitas/,http://static.thepioneerwoman.com/cooking/files/2013/03/fajitas1.jpg,PT15M,8,2013-03-04,PT2H,"When I get a hankering for beef fajitas, I pretty much can think of nothing else until I eat them. I made them over the weeke...",Hard
35,Pioneer Woman’s Favorite Sandwich,"1 tablespoon dijon mustard, to taste
1 tablespoon mayonnaise, to taste
1 whole tomato
1 whole red onion, small
2 slices mild cheddar
1 can (4 oz.) whole green chilies
2 slices provolone
2 slices rye bread
 butter",http://thepioneerwoman.com/cooking/2007/10/pioneer_womans_favorite_sandwich/,http://static.thepioneerwoman.com/cooking/files/2010/07/1470622409_212bb118bd.jpg,PT5M,1,2007-10-02,PT10M,"    Mmmmm...this is it, folks: The Sandwich That Brings Me the Most Happiness in Life. Granted, it's no Marlboro Man's Favori...",Easy
36,Chocolate Calypso Beans (remix),"1 lb. jacob's cattle beans
2 t. olive oil
1 large onion, chopped
1 red bell pepper, chopped
5 cloves garlic, minced
2t. ground, dried red chilies (i used med-hot chimayo)
1 1/2 t ground cumin
2+ t.  ground cinnamon 
1 t. ground allspice
4 1/2 cups water or vegetable stock
1 12 oz. bottle negro modelo mexican beer
1 1/2 discs ibarra mexican chocolate",http://www.101cookbooks.com/archives/000116.html,http://www.101cookbooks.com/mt-static/images/food/ranchogordobeans.jpg,,,2004-09-06,,101 Cookbooks: Chocolate Calypso Beans Recipe,Unknown
37,Green Curry with Tofu,"ingredients for chili paste:
2 green hot chilies (thai chilies)
1 tablespoon chopped shallots
1 teaspoon chopped galangal 
1/2 teaspoon chopped kaffir lime rind
1 tablespoon chopped garlic
1 tablespoon chopped lemongrass
1 tablespoon chopped krachai
1/4 teaspoon roasted cumin seeds
1/4 teaspoon roasted coriander seeds
1/2 teaspoon salt
other ingredients:
1 cup sliced eggplants
1/4 cup smaller pea-like eggplants (makheau phuang)
1/3 cup sliced onion
70 grams sliced chicken (or firm tofu)
1 teaspoon sugar
1 tablespoon fish sauce (or soy sauce for vegetarians)
3 kaffir lime leaves
2 stems sweet basil (horapaa)
1 cup coconut milk
1 cup water
(again, chicken can be replaced tofu)",http://www.101cookbooks.com/archives/000130.html,http://www.101cookbooks.com/mt-static/images/food/.jpg,,,2004-12-01,,101 Cookbooks: Green Curry with Tofu Recipe,Unknown
38,Wild Mushroom Salad Recips,"150 g (5 oz) assorted wild mushrooms
2 tablespoons stock
pinch of salt
pinch of white sugar - optional
3 tablespoons lime juice (you might use less)
2 tablespoons fish sauce (for veg: substitute a splash of soy sauce)
large pinch of roasted chili powder
4 shallots, sliced
handful of mixed mint and coriander leaves
2 tablespoons shredded pak chii farang (long-leaf coriander)
1 tablespoon chopped spring (green) onion
1 tablespoon ground roasted rice
-a few sprigs of thai basil
-sliced cabbage and cucumber",http://www.101cookbooks.com/archives/000140.html,http://www.101cookbooks.com/mt-static/images/food/thaiwildmush.jpg,,,2005-02-01,,101 Cookbooks: Wild Mushroom Salad Recipe,Unknown
39,Pierce Street Vegetarian Chili Recipe,"2 tablespoons olive oil
1 large yellow onion, chopped
2 shallots, chopped
8 small/med garlic cloves, finely chopped
1 tablespoon ginger, peeled and grated
3 tablespoons chili powder
1 teaspoon ground cumin
1 serrano pepper, seeded and finely chopped
1 chipotle pepper (from can or rehydrate), minced
1 28-ounce can of crushed tomatoes
10  cups vegetable broth
1 1/2 cups cooked chickpeas (canned is fine)
2 1/4 cups black, brown, or green lentils (or combo), rinsed and picked over
2/3 cup pearled barley or pearled farro
2/3 cup bulgur wheat
1 teaspoon fine grain sea salt (or to taste)
toppings (opt): a bit of chopped serranos, a bit of feta or dollop of thinned out salted yogurt, a drizzle of equal parts chopped fresh oregano and olive oil, chopped onion",http://www.101cookbooks.com/archives/pierce-street-vegetarian-chili-recipe.html,http://www.101cookbooks.com/mt-static/images/food/vegetarian_chili_recipe.jpg,,,2009-05-13,,"The best pot of chili I've made in years. A vegetarian chili recipe Inspired by a bunch of those little bags of remnant grains and pulses that collect in my cupboards - bulgur, farro, and lentils, join chile peppers, crushed tomatoes, some chickpeas, and a secret ingredient.",Unknown
40,Vegetarian Tortilla Soup Recipe,"6-8 corn tortillas, cut in half and then into  matchstick-thin strips
a big splash of extra virgin olive oil
fine grain sea salt
20 small yellow or red cherry tomatoes
another splash of extra virgin olive oil
3 cloves garlic, chopped
1 large white onion, chopped
1 teaspoon ground cumin
2 teaspoons ground coriander
1 teaspoon cayenne or other spicy red chili powder
1 14-ounce can crushed tomatoes
6 cups vegetable broth (or water)
a few sun-dried tomatoes, chopped
1/4 cup of goat cheese, crumbled",http://www.101cookbooks.com/archives/vegetarian-tortilla-soup-recipe.html,http://www.101cookbooks.com/mt-static/images/food/tortilla_soup_recipe.jpg,,Makes about 6 servings.,2008-06-19,,"My tortilla soup recipe - a full-bodied, spicy vegetarian broth envelops a nest of baked tortilla matchsticks. Tiny roasted tomatoes along with a bit of goat cheese lend tang and texture, and flecks of sun-dried tomatoes bring depth and richness to each bowl.",Unknown
41,Sweet Potato Pot Pie Recipe,"3 tablespoons extra-virgin olive oil  
1 medium white or yellow onion, chopped  
3 cloves garlic, chopped  
2 1/2 to 3 cups sweet potatoes, peeled and diced into  1/4-inch pieces  
1/2 teaspoon salt (plus more to taste)  
1 tablespoon adobo sauce from a can of chipotle chilies (or more to taste)  
1 cup corn kernels, fresh or frozen  
2 cups cold whole or low-fat milk  
2 tablespoons cornstarch  
1 box puff pastry dough (allow 20 to 30 minutes to thaw)  
1 egg white",http://www.101cookbooks.com/archives/000127.html,http://www.101cookbooks.com/mt-static/images/food/potpies1.jpg,,,2004-11-15,,"A recipe from my first book that was featured in the Washington post - sweet potatoes, chipotle, corn, onions, and puff pastry.",Unknown
42,Borlotti Bean Mole with Roast Winter Squash,"~1 1/2 cups (7 ounces) fresh borlotti beans
~1 1/2 cups (7 ounces) winter squash
olive oil
4 - 5  big leaves of kale (3 1/2 ounces)
2 tablespoons butter
1 medium onion, chopped
2 - 4 red jalapeno chiles, halved, seeded, and chopped
2 garlic cloves, chopped
1 pound of fresh plum tomatoes, chopped or 14-ounce can
2 teaspoons paprika
1 ounce of almonds, dark roasted and finely ground
2 ounces dark 70% dark chocolate, broken into pieces
salt",http://www.101cookbooks.com/archives/borlotti-bean-mole-with-roast-winter-squash-recipe.html,http://www.101cookbooks.com/mt-static/images/food/pumpkin_mole_recipe.jpg,,Serves 4.,2008-10-11,,"A rich, hearty vegetarian mole recipe from Denis Cotter's new book. Seasonal beans, squash, and kale are baked in a rich, hearty chocolate and paprika-spiked mole. ",Unknown
43,A Good Soup for the Sick,"1 pound cranberry beans (like borlotti)
8 cups of water
15 medium cloves of garlic, peeled and trimmed
2 big shallots (i might have used a white onion but didn't have one), sliced on the axis into thin crescents
2-3 dried smoked chiles (i used smoked serranos) but i suspect dried chipotles or even one or two chipotles from the can (in adobo sauce) would work nicely
2 teaspoons+  fine sea salt for seasoning
a drizzle of flavorful extra-virgin olive oil
a small handful of cilantro, chopped
a couple (optional) handfuls of a salty hard cheese, parmesan, grated (i think my mystery cheese was actually three sisters serena)",http://www.101cookbooks.com/archives/001397.html,http://www.101cookbooks.com/mt-static/images/food/soup_for_when_sick.jpg,,Serves 4 to 6,2006-04-21,,"Turn to this miraculously delicious soup when you are feeling sick - beans, water, garlic, shallots, chiles. Total active prep time was under five minutes, the rest is just waiting and anticipating.
",Unknown
44,Lively Up Yourself Lentil Soup Recipe,"2 cups black beluga lentils (or green french lentils), picked over and rinsed
1 tablespoon extra virgin olive oil
1 large onion, chopped
1 teaspoon fine-grain sea salt
1 28-ounce can crushed tomatoes
2 cups water 
3 cups of a big leafy green (chard, kale, etc), rinsed well, deveined, finely chopped
saffron yogurt
a pinch of saffron (30-40 threads)
1 tablespoon boiling water
two pinches of salt
1/2 cup 2% greek yogurt 
variations:
- you can serve it with a poached egg on top,
- or crunchy, fried shallots,
- with a drizzle of chive infused cream,
- or with chunks of tiny pan-fried butternut squash cubes.
- make a thicker version by using just a bit of water, and then spoon it over an omelette in the morning.
- have some cooked farro or wheat berries around? toss some in. millet might be good too.
- you can finish the soup by adding your favorite spices or spice blends. smoked paprika, crushed chiles, toasted cumin, would all work nicely.",http://www.101cookbooks.com/archives/lively-up-yourself-lentil-soup-recipe.html,http://www.101cookbooks.com/mt-static/images/food/lentil_soup_recipe_07.jpg,,Serves 6 to 8. ,2008-01-03,,"Healthy, quick, and satisfying this lentil soup recipe delivers layer after layer of flavor. The tang of the tomatoes plays off the earthiness of the lentils, and the fragrant bolt of saffron yogurt brightens each bowl.",Unknown
45,Salsa of the Year,"3 t. vegetable oil 
1 ounce dried mirasol (milder) or smoked serrano (more heat) chilies
garlic, 12 small to medium cloves - peeled
another 3 t. vegetable oil
1 1/4 cups vegetable broth
- stir in 1/3 cup cream (or to taste) - for a slightly creamy sauce that will add a bit of kick to a wide range of recipes. (this is the sauce you see in the pictures on this post). drizzle on savory crepes, egg dishes, casseroles, etc.
- stir a couple tablespoons into light or vegan mayo for a spicy sandwich spread.
- spread on panini: with all sorts of fixings.",http://www.101cookbooks.com/archives/000325.html,http://www.101cookbooks.com/mt-static/images/food/soty1.jpg,,Makes about 1 cup.,2005-08-21,,"Smoky and creamy, this salsa recipe is best drizzled over eggs, quesadilla, and crepes.",Unknown
46,A Quartet of Compound Butters,"4 tablespoons unsalted organic butter, room temperature
1 or 2 numi desert lime tea bags (depending on how strong you want it), cut open and the contents ground in a mortar and pestle
1/4 teaspoon fine grain sea salt
4 tablespoons unsalted organic butter, room temperature
1 tablespoon organic cane sugar (i used florida crystals)
1/3 cup dehydrated organic strawberries, minced
4 tablespoons unsalted organic butter, room temperature
2 serrano chiles, deveined and  seeded, loosely chopped
1/4 teaspoon fine grain sea salt
4 tablespoons unsalted organic butter, room temperature
1 - 1 1/2 teaspoons smoked paprika
1/4 teaspoon fine grain sea salt",http://www.101cookbooks.com/archives/001470.html,http://www.101cookbooks.com/mt-static/images/food/compoundbutter.jpg,,,2006-08-08,,"A quartet of vibrant, colorful, and unique compound butter recipes - Smoked Paprika, Dry Desert Lime, Raw Serrano, and Dehydrated Strawberry.  ",Unknown
47,Dried Fava Soup with Mint and Guajillo Chiles,"1 pound / 16 oz / 450g hulled dry fava beans, rinsed (see photo for reference if needed)
8 cups / 2 liters good vegetable broth or water
6 garlic cloves, unpeeled
1 large white onion, sliced 1/2-inch / 1 cm thick
1 1/2 pounds / 24 oz / 680g ripe tomatoes
6 medium dried guajillo or pasilla chiles, stemmed &amp; seeded
2 tablespoons extra virgin olive oil
2 tablespoons cider vinegar
3/4 teaspoon dried mexican oregano
1 1/2 teaspoon fine-grain sea salt, plus more to taste
1/2 cup / .25 oz / 10g loosely packed chopped cilantro
2 tablespoons chopped fresh mint, pref. spearmint
1/2 cup / 2 oz / 55g crumbled mexican queso anejo or feta",http://www.101cookbooks.com/archives/dried-fava-soup-with-mint-and-guajillo-chiles-recipe.html,http://www.101cookbooks.com/mt-static/images/food/fava_soup_recipe.jpg,PT100M,,2010-09-15,PT10M,"Easily one of the best, most interesting soups I've cooked in years. Adapted from a recipe in Rick Bayless's Mexican Kitchen - a dried fava bean and roasted tomato base topped with a fascinating cider-kissed tangy/sweet quick-pickled chile topping.",Hard
48,Cucumber Peanut Salad,"3 medium cucumbers, partially peeled
1-2 green serrano chiles, stemmed and minced
1/2 cup / 2.5 ounces / 70 g peanuts, toasted
1/3 cup / 1.5 ounces / 45 g dried large-flake coconut, toasted
2 tablespoons fresh lemon juice
1 teaspoon natural cane sugar
1 tablespoon, ghee, clarified butter, or sunflower oil
1/2 teaspoon black mustard seeds
1/4 teaspoon cumin seeds
scant 1/2 teaspoon fine grain sea salt
a handful cilantro, chopped",http://www.101cookbooks.com/archives/cucumber-peanut-salad-recipe.html,http://www.101cookbooks.com/mt-static/images/food/cucumber_peanut_salad_recipe.jpg,PT3M,,2011-05-03,PT10M,"We picked two new cookbooks to focus on in the 101 Cookbooks Library, and this recipe is inspired by a recipe from one of them. A refreshing chopped cucumber salad loaded with peanuts, spices, coconut, and chiles.",Easy
49,Baked Carrot Oven Fries,"a big bunch of farmers' market carrots, washed, trimmed
extra virgin olive oil
sea salt
4 ounces organic tofu
1/4 cup orange juice
quick squeeze of lime
scant 1 teaspoon adobo sauce from a can of chipotle chiles
1/2 teaspoon fine grain sea salt",http://www.101cookbooks.com/archives/001529.html,http://www.101cookbooks.com/mt-static/images/food/bakedcarrotfries1.jpg,,,2006-11-20,,"Made from carrots, this is a healthy, simple and delicious alternative to deep-fried potatoes. These baked oven fries (made from carrots) are simply roasted with olive oil and a sprinkling of sea salt. 
",Unknown
50,In a Hurry Green Curry Recipe,"2 teaspoons green curry paste*
scant 1/2  teaspoon salt
1 14-ounce can coconut milk (light ok)
1 large onion, sliced
14 ounces water or light vegetable broth
6 ounces of firm tofu cut into 1/2 inch cubes
1 cup peas, fresh or frozen
2 cups asparagus, cut into 1/2-inch segments
squeeze of fresh lime juice
1/4 cup small basil leaves
2 green hot chilies (thai chilies)
1 tablespoon chopped garlic
1 tablespoon chopped shallots
1 teaspoon chopped galangal
1/2 teaspoon chopped kaffir lime rind
1 tablespoon chopped lemongrass
1 tablespoon chopped krachai
1/4 teaspoon roasted cumin seeds
1/4 teaspoon roasted coriander seeds
1/2 teaspoon salt",http://www.101cookbooks.com/archives/in-a-hurry-green-curry-recipe.html,http://www.101cookbooks.com/mt-static/images/food/light_greencurry_recipe.jpg,,Serves 4.,2008-05-15,,"A quick and delicious green curry recipe - peas, asparagus, and tofu swimming in a fragrant, not-overly-rich Thai green chile broth.",Unknown
51,Spiced Cauliflower with Sesame Seeds,"1 1/2 tablespoons extra-virgin olive oil or clarified butter
1 teaspoon cumin seeds
2 medium yellow onions, finely sliced
a pinch of turmeric
fine grain sea salt
1 medium / 12 oz cauliflower, thinly sliced 
4 dried red chiles, stemmed and halved
1-2 teaspoon sesame seeds, lightly toasted
1 garlic clove, grated
4 cm / 1 1/2-inch piece of fresh ginger, peeled and finely grated
1-2 green jalapeno chiles, seeds removed, finely chopped
2-3 tablespoons chopped fresh cilantro / coriander",http://www.101cookbooks.com/archives/spicy-cauliflower-with-sesame-recipe.html,http://www.101cookbooks.com/mt-static/images/food/spicy_cauliflower_recipe.jpg,PT15M,,2010-11-10,PT20M,"Cauliflower tastes great like this. Imagine a skillet of caramelized onions cooked down with fragrant cumin, ginger, garlic, sesame seeds and chiles. Add cauliflower and cook until tender. Vibrant, spicy, sweet earthiness, all on one plate.",Medium
52,Green Pea Soup Recipe,"3 tablespoons fresh ginger, well chopped
10 sm-med cloves garlic, smashed and peeled
2 serrano chiles, stemmed and chopped
1/4 teaspoon ground cumin, plus more to serve
3 tablespoons ghee or sunflower oil
2 bay leaves
1 medium onion, chopped
4 1/2 cups good-tasting vegetable stock or water
3 1/2 cups / 500 g / 18 oz shelled fresh or frozen peas
1 teaspoon sea salt, or to taste
a squeeze of fresh lemon juice
8 fresh mint leaves, slivered
pan-fried paneed, queso fresco, or haloumi, cut into tiny cubes - optional",http://www.101cookbooks.com/archives/green-pea-soup-recipe.html,http://www.101cookbooks.com/mt-static/images/food/pea_soup_recipe.jpg,PT10M,Serves 4 - 6.,2011-05-31,PT7M,"A simple Indian-spiced green pea soup, and a few snapshots of things I'm bringing with me in a move up the street.",Easy
53,New Year Noodle Soup,"2 tablespoons olive oil
1 onion, thinly sliced
1 long red chili or green serrano, finely chopped
1/2 teaspoon ground turmeric
1 teaspoon ground cumin
1/4 teaspoon freshly ground black pepper
8 1/2 cups / 2 liters good-tasting vegetable stock/broth
100g / 3.5 oz yellow split peas or brown lentils
1 1/2 cups cooked chickpeas, rinsed if using canned
2 cups / 350g cooked borlotti beans
fine grain sea salt
120 g thin egg noodles, fresh or dried
3 1/2 oz / 100g fresh spinach leaves, finely shredded
1/2 cup finely shredded cilantro leaves
2 tablespoons chopped fresh dill
juice of one lime
toppings:
1 tablespoon olive oil
1 tablespoon unsalted butter
1 large onion, thinly sliced
100 ml sour cream or creme fraiche
50g / scant 2 ounces of toasted, chopped walnuts",http://www.101cookbooks.com/archives/new-year-noodle-soup-recipe.html,http://www.101cookbooks.com/mt-static/images/food/newyear_noodle_soup_recipe_xl.jpg,PT40M,,2011-01-01,PT20M,"An amazing New Year Noodle Soup from Greg &amp; Lucy Malouf's beautiful book, Saraban. It's a bean and noodle soup at its core featuring thin egg noodles swimming in a fragrant broth spiced with turmeric, cumin, chiles, and black pepper. You use a medley of lentils, chickpeas, and borlotti beans which makes the soup heart and filling without being heavy. You add spinach, dill, and cilantro. You add lime juice for a bit of sour at the end. And then you've got a number of toppings to add when you serve the soup - chopped walnuts, caramelized onions, and sour cream. Amazing.",Medium
54,Baked Egg Recipe,"2-3 tablespoons extra virgin olive oil
3 big pinches ground cumin
2 big pinches chili flakes
2 big pinches smoked paprika
2 big pinches fine sea salt
1 cup spring (or regular) onion, chopped
1 clove garlic, chopped
1 cup cherry tomatoes, halved or quartered
2 pieces of pita bread, cut into quarters
6 large organic eggs
garnish: finely chopped tomatoes, chile flakes, cilantro (optional)
special equipment: standard 12 muffin tin",http://www.101cookbooks.com/archives/baked-eggs-recipe.html,http://www.101cookbooks.com/mt-static/images/food/bakedeggrecipe_07.jpg,,Makes six egg cups.,2007-05-18,,"Baked eggs in edible cups with cherry tomatoes, garlic, olive oil and  lots of vibrant spices.",Unknown
55,Spiced Candied Walnuts Recipe,"peanut or canola oil for deep-frying (hs note: has anyone seen an organic peanut oil out there?)
finely ground sea salt, preferably gray salt 
freshly ground black pepper 
1/2 teaspoon ground cinnamon 
1/2 teaspoon cayenne pepper 
4 cups walnut halves 
1 cup confectioners' sugar, sifted
2 cans (15 1/2 ounces each) chickpeas (garbanzo beans) 
3/4 cup buttermilk
3/4 cup olive oil
1 1/2 cups 1arborio rice coating (below)
1/4 cup thinly sliced garlic 
15 fresh sage leaves
2 teaspoons thin serrano chili slices (optional) 
finely ground sea salt, preferably gray salt 
zest of 1 lemon, cut into julienne 
freshly ground black pepper
1 cup arborio rice 
3 cups unbleached all-purpose flour 
1 cup semolina flour 
2 tablespoons finely ground sea salt, preferably gray salt 
1 teaspoon freshly ground black pepper ",http://www.101cookbooks.com/archives/001033.html,http://www.101cookbooks.com/mt-static/images/food/candiedwalnutrecipe.jpg,,Makes 4 cups.Makes about 5 cups.,2005-12-30,,"This candied walnut recipe was is the perfect solution to a New Years Eve hors d'oeuvres dilemma. Made with walnuts, sea salt, black pepper, cinnamon, cayenne pepper, and powdered sugar.",Unknown
56,Monica Bhide's Chile Pea Puffs,"nonstick cooking spray (hs note: or a bit of olive oil)
1 cup cooked green peas, lightly mashed
1/4 cup crumbled paneer
2 small green serrano chiles, minced (remove seeds to reduce heat)
1/4 teaspoon salt to start
1/4 teaspoon red chile powder or red chile flakes (less to reduce heat)
1/2 teaspoon minced garlic
32 wonton wrappers
1 egg white, lightly beaten",http://www.101cookbooks.com/archives/monica-bhides-chile-pea-puffs-recipe.html,http://www.101cookbooks.com/mt-static/images/food/pea_puff_recipe.jpg,,Makes 32 puffs.,2009-04-29,,"Monica Bhide's Chile Pea Puff recipe - crispy-skinned baked snacks stuffed with peas, paneer cheese, chiles, and garlic. From her new cookbook - Modern Spice: Inspired Indian Flavors for the Contemporary Kitchen.",Unknown
57,Golden Potstickers,"1/2 cup sunflower oil
8 green onions / scallions, white and green parts, thinly sliced
1 small serrano chiles, thinly sliced, or to taste
1 1/2 tablespoons sugar
1/4 cup / 60 ml soy sauce 
1/4 cup / 60 ml water
4 tablespoons sunflower oil, plus more for pan-frying
1/2 cup chopped shallots (4 medium)
1/2 teaspoon fine grain sea salt, or to taste
2 cups / 11 oz / 310 g cooked yellow split peas, ideally at room temperature, then process in a food processor until uniform and fluffy
1 package round potsticker wrappers",http://www.101cookbooks.com/archives/golden-potstickers-recipe.html,http://www.101cookbooks.com/mt-static/images/food/potsticker_recipe.jpg,PT10M,Makes a big platter of dumplings.,2011-10-05,PT60M,"Potstickers - For my flight to London,  I made the filling with lots of caramelized shallots &amp; pureed yellow split peas then pan-fried them until the bottoms were crisp and golden. They freeze like beautifully, perfect for quick dumpling-centric meals later on.",Hard
